,1,2,10,13,14,98,,,,,,,,
1,2123088132,150929236.2,404069580.5,373451039,23075613.01,36780655.53,,,,,,,,
2,2132646804,89762708.78,405836354,385127559.1,0,0,,,,,,,,
3,2533522959,28521.7342,340056903.5,2.56E+08,0,0,,,,,,,,
4,2143584530,249407480,339963504.1,403343485.5,0,0,,,,,,,,
5,2033547538,235186093.1,448104351.9,385439858.3,0,0,,,,,,,,
6,2134794356,79667578.44,632546831.8,282819819.9,0,6.40E+07,,,,,,,,
7,1972442399,191343630.3,536042362.4,425537147.7,0,0,,,,,,,,
8,2027704973,0,264696386.6,736948509.2,0,0,,,,,,,,
9,2091903421,0,502775904.6,399081217.8,0,0,,,,,,,,
10,2306863488,6770751.132,422454700.6,357203820.2,0,0,,,,,,,,
11,2102734453,60440651.98,654052822.5,327190018,0,0,,,,,,,,
12,2391487356,228376544.7,332198114.2,1.92E+08,0,38163193.58,,,,,,,,
13,2099737067,253416584.7,517039019.4,263320957.3,0,0,,,,,,,,
14,2227336829,0,478290932.9,456978354.2,0,0,,,,,,,,
15,2330822017,119810978.2,200875245.1,359076216.5,0,0,,,,,,,,
16,2231177542,111292468.1,363844657.4,470524491,0,0,,,,,,,,
17,2161924064,259558051.5,174097270.3,533995723.7,0,0,,,,,,,,
18,2142343725,1.92E+08,447492556.2,370766448.3,0,0,,,,,,,,
19,2043198054,99863587.7,320000000,526799095.9,0,0,,,,,,,,
20,1856752132,105274155.5,276140336.1,725115051.5,0,0,,,,,,,,
21,2110293055,101942760.3,350495569.9,547869661.1,0,49494272.04,,,,,,,,
22,2004710654,59206458.83,405056050.6,581982921.4,0,0,,,,,,,,
23,2286640816,158785966.6,421821644.3,221140436.5,0,0,,,,,,,,
24,1870967908,28525571.55,497060004.4,635813391.9,0,6.40E+07,,,,,,,,
25,1811080457,206758295.3,536977791.3,508840097.4,0,0,,,,,,,,
26,2358120214,131909402.1,486521539.5,168753121,0,0,,,,,,,,
27,1933376853,121564387.7,508697117.8,415367677,0,0,,,,,,,,
28,2103977738,124146948.2,391691021.8,576119960.2,0,0,,,,,,,,
29,2067093713,59073758.55,427177734.8,591100003.7,0,0,,,,,,,,
30,1785268482,1.28E+08,436626726,675975684.2,0,102355084.1,,,,,,,,
31,2414130812,156828865.4,239233315.2,389807007.3,0,0,,,,,,,,
32,2030994821,6.40E+07,618880654.5,404503694.3,32217575.28,0,,,,,,,,
33,1999069887,65687179.25,644759134.2,418266622.1,0,6.40E+07,,,,,,,,
34,2129599135,466883412.9,355771320,130227419.8,0,0,,,,,,,,
35,2135088377,1.28E+08,619170609.2,203754398.7,0,112880939.1,,,,,,,,
36,2280603824,148435057,223219816.2,505166004.1,0,0,,,,,,,,
37,1947106386,98929752.63,642733916.3,441522022.1,0,0,,,,,,,,
38,2222840773,0,506295451.5,330760536.1,0,0,,,,,,,,
39,1890756319,118442558.7,566899560,563650653.1,0,0,,,,,,,,
40,2435965867,6.40E+07,430782751.7,249979381.7,0,0,,,,,,,,
41,2121800331,301601055.1,333476738.8,382238651.4,0,43249364.47,,,,,,,,
42,1935110608,187705291.7,796649877.9,280534222.7,0,0,,,,,,,,
43,2358793973,188666463.5,282481220.7,2.56E+08,0,26004176.82,,,,,,,,
44,2148699481,191998579.8,299283077.2,411611124.6,0,0,,,,,,,,
45,2401473705,81603919.17,337843424.3,1.92E+08,0,0,,,,,,,,
46,1866137475,68981841.55,629862525,575997891.4,0,0,,,,,,,,
47,2212545296,1.28E+08,521858777.8,246315772.8,0,0,,,,,,,,
48,2331028883,6.40E+07,92688779.29,462929835.2,0,61315467.08,,,,,,,,
49,2354910523,175276654.9,221812821.7,4.48E+08,0,0,,,,,,,,
50,2361174277,6.40E+07,293113589.5,258461075.3,8667016.216,0,,,,,,,,
51,1953903307,6.40E+07,576328752,542350187,0,0,,,,,,,,
52,1680620325,182658401.6,723796816.5,550713536.7,0,0,,,,,,,,
53,1757805303,189414279.8,337037143.9,733504267.2,0,0,,,,,,,,
54,2481886347,245011496.4,213596908.2,86210567.01,1009740.357,0,,,,,,,,
55,1737874465,123131997,453052036,738515631.4,0,0,,,,,,,,
56,2041411885,165217671.2,266311182.8,543050322.6,0,6.40E+07,,,,,,,,
57,2067356205,168147746.2,392314420.8,386398179.4,0,16697947.97,,,,,,,,
58,1645523914,23937112.3,714313788.3,6.40E+08,0,88865045.04,,,,,,,,
59,1940898349,92695395.16,433259642.9,559552900.5,0,0,,,,,,,,
60,2254193069,1.28E+08,448049149.9,269560494,0,0,,,,,,,,
61,2141015404,69119760.65,588048017.4,3.20E+08,0,0,,,,,,,,
62,2370397867,92505000.91,357017220.7,351522380.7,0,0,,,,,,,,
63,2022448237,32954006.05,595496422.7,513664700.3,0,35142881.83,,,,,,,,
64,1989199834,235757260.9,584135632.6,192050831.5,0,6.40E+07,,,,,,,,
65,1993607324,0,556429676.1,536714752.6,0,0,,,,,,,,
66,1899485615,1.28E+08,411080441.8,569941063.4,0,35142881.83,,,,,,,,
67,1791871975,87015958.12,804670496.3,479923855.5,0,0,,,,,,,,
68,2086858231,189413445.4,519689668.2,3.20E+08,0,0,,,,,,,,
69,2078512866,1.92E+08,401940642.8,416315633.6,0,0,,,,,,,,
70,2464194409,182658401.6,281288989.1,1.92E+08,0,0,,,,,,,,
71,2234187828,96876134.35,226653437.9,505863980.8,0,0,,,,,,,,
72,2066996663,130520716.7,427973719.1,4.48E+08,0,6.40E+07,,,,,,,,
73,2276971056,53435450.6,328994451.5,510873057.3,0,0,,,,,,,,
74,1914249553,192604330,622425671.4,341420070.8,0,0,,,,,,,,
75,2083393199,0,669001295.2,267468114.2,0,0,,,,,,,,
76,1702520181,82321832.24,491984440.5,746552131.8,0,0,,,,,,,,
77,2475723901,0,397763175.8,268530399.4,0,0,,,,,,,,
78,2299210913,6.40E+07,298041737,494497486.4,0,0,,,,,,,,
79,2360819759,0,302299763.5,448664809.2,0,0,,,,,,,,
80,1976880909,285126707,503376314.9,318227284.4,0,56878403.49,,,,,,,,
81,2149362411,161175092,427644781.1,353340013,0,571236.1877,,,,,,,,
82,2089959811,205148889.6,348524013.2,492648334.6,0,0,,,,,,,,
83,2023017602,215121391.5,474676573.2,456607134.2,0,0,,,,,,,,
84,2039245945,306346463,3.84E+08,4.48E+08,0,0,,,,,,,,
85,2025717255,64588532.94,627390637.9,395355702.6,22947871.29,6.40E+07,,,,,,,,
86,2118056015,1.28E+08,342848488.6,490386729.5,0,0,,,,,,,,
87,2093627523,124135453.2,299833941.4,636061741.5,0,0,,,,,,,,
88,1922377081,149942059.5,422459081.8,568532285.9,0,0,,,,,,,,
89,2051405567,169864538.2,603149328,278842305.2,0,0,,,,,,,,
90,2417968402,55341468.73,260658791.7,327346227.9,0,6.40E+07,,,,,,,,
91,2180454643,1.28E+08,287270839.1,425257944.5,0,0,,,,,,,,
92,2222243091,91895428.67,210437851.6,638999273.5,0,0,,,,,,,,
93,2388497185,588532.9386,298413397.8,5.12E+08,0,0,,,,,,,,
94,2444758169,160716804.3,233601856.8,305487110.8,0,0,,,,,,,,
95,2148860676,250383312.3,394393780.1,275227629.4,33115286.99,0,,,,,,,,
96,1920432360,1.92E+08,458980700.2,565375579.9,0,0,,,,,,,,
97,1782368036,165506273.4,433264095.9,773613484.9,0,0,,,,,,,,
98,2120553262,1.28E+08,422313921.5,3.84E+08,0,0,,,,,,,,
99,1977561019,1.92E+08,559351344.5,436904823.6,0,0,,,,,,,,
100,2198483208,121612383.9,686223113.5,193681295,0,0,,,,,,,,
101,2103777544,6.40E+07,325118397.3,609612657.5,0,0,,,,,,,,
102,2294962497,66718506.78,465334837.7,241682084.9,0,0,,,,,,,,
103,1918057956,50601226.44,803655301.6,3.84E+08,0,0,,,,,,,,
104,2121670017,6.40E+07,248874866.2,569083326.7,0,6.40E+07,,,,,,,,
105,2235125119,6.40E+07,511289934.6,3.20E+08,0,0,,,,,,,,
106,2292977199,34676264.64,340250048.4,322995052.1,0,0,,,,,,,,
107,2222594647,163876595.3,360396587.8,217831006.5,0,0,,,,,,,,
108,2331397010,6.40E+07,309308327.5,432036545.1,0,0,,,,,,,,
109,2055873457,22357653.43,500835604.6,388698463.5,0,56308607.9,,,,,,,,
110,2085163931,6.40E+07,393168021.3,565470419.7,0,0,,,,,,,,
111,2382515399,15590140.31,238598062,556563082,0,0,,,,,,,,
112,2003642940,66915277.62,506247910.1,3.84E+08,0,0,,,,,,,,
113,2070540561,124908397.1,417274027.8,487059780.6,0,0,,,,,,,,
114,2089194662,127660847.2,400936875.2,449522988.9,0,1757585.977,,,,,,,,
115,1719974928,251978276.9,707699087.2,452249535,0,3044723.652,,,,,,,,
116,2056934979,270596492.8,192049673.6,5.12E+08,0,63950326.44,,,,,,,,
117,2238202972,116962207.8,520781753.9,2.56E+08,0,0,,,,,,,,
118,2494700149,169117352.2,306114512.9,229571591.8,0,0,,,,,,,,
119,1798739311,206853309.8,362959517.9,672993394.6,0,0,,,,,,,,
120,1966361029,28554808.97,405990009.2,741761573,0,0,,,,,,,,
121,2174220505,1.92E+08,321779487.9,386692097.7,0,21117149.54,,,,,,,,
122,2120186113,1.28E+08,445328797.6,450137852.9,0,0,,,,,,,,
123,2030447832,90036472.21,172128166.9,640110194.7,0,55411163.18,,,,,,,,
124,2289353529,16739968.71,437621089.7,408378979.9,0,0,,,,,,,,
125,2266271587,222885823.8,386621479.1,252032087.9,0,6.40E+07,,,,,,,,
126,2083728481,146437328.7,530900551.8,373752564.1,0,0,,,,,,,,
127,2180231719,6.40E+07,296605130.7,556580818.7,0,6.40E+07,,,,,,,,
128,2238354053,64181185.14,272267965.2,492971865.5,0,0,,,,,,,,
129,2004193963,164421693.1,657024282.9,312204390.7,0,0,,,,,,,,
130,2166263087,63469822.45,462709910.6,348148177.5,0,0,,,,,,,,
131,2191545050,188908397.1,260644871.3,357082175.4,0,0,,,,,,,,
132,2570371298,0,323833439.2,217905618.9,0,0,,,,,,,,
133,2238391449,6.40E+07,482851383.5,3.84E+08,0,0,,,,,,,,
134,1950963893,215097676.3,514901949.5,456455279.3,0,0,,,,,,,,
135,2234833163,6.40E+07,662242648.9,136466012.8,0,33217207.71,,,,,,,,
136,1557398946,175425795.2,764564891,626604146.6,0,527070.0152,,,,,,,,
137,1932792710,182077968.5,357983120,497185268.1,0,63980987.46,,,,,,,,
138,2378299369,157953033.9,321891908.6,191925324.2,0,0,,,,,,,,
139,2342559355,1.92E+08,283859638,309813735.3,0,0,,,,,,,,
140,2171208488,177747732,298478055.2,398097085.5,0,0,,,,,,,,
141,2641434771,1.92E+08,122141734.7,1.92E+08,0,0,,,,,,,,
142,2253607528,179498973.3,318893498.4,4.48E+08,0,0,,,,,,,,
143,2056679584,0,503320415.7,600721895.3,0,0,,,,,,,,
144,2129952332,74675140.01,573976394.3,262549866.3,0,0,,,,,,,,
145,1868601920,205975274.6,630764701,373869876.4,0,0,,,,,,,,
146,2447262780,148643422.9,349748061.2,249783188.5,3569843.492,0,,,,,,,,
147,1876887915,191382219,239871515.7,768778198.2,0,26004176.82,,,,,,,,
148,2234954823,0,341949089,499811798.4,0,0,,,,,,,,
149,2091672226,128250090.6,350102453.1,392147927.6,41611605.37,0,,,,,,,,
150,2505161868,93524280.24,185104251.5,329951729.3,0,0,,,,,,,,
151,1952489831,6.40E+07,406567754.1,587210653.1,0,63983748.92,,,,,,,,
152,1971634841,1.92E+08,549882540.5,369207259,0,22189247.33,,,,,,,,
153,2226192839,6.40E+07,222690519.7,580712149.4,0,6111.767149,,,,,,,,
154,2219215862,69369981.37,167873714,6.40E+08,0,0,,,,,,,,
155,1783367603,171777598.7,590439893.4,577976648.9,0,0,,,,,,,,
156,1791722701,202282066.1,885995233,3.20E+08,0,0,,,,,,,,
157,2319406186,1.28E+08,426630128.1,138896318.2,0,6.40E+07,,,,,,,,
158,1902276795,94810452.21,477455820.8,607182680.6,0,0,,,,,,,,
159,1981992567,1.28E+08,248844709.3,757116360.7,7232364.013,0,,,,,,,,
160,1875915183,3.20E+08,279675886.3,609347976.4,0,0,,,,,,,,
161,1728906589,0,616210962,794201015,0,0,,,,,,,,
162,2262170621,95092999.34,505529744.6,304299633.9,0,0,,,,,,,,
163,1902404609,59089447.61,404493799.1,796486528.9,0,0,,,,,,,,
164,1896985435,110222317.3,581182966.2,576036001.7,0,0,,,,,,,,
165,2069500276,6.40E+07,629903284.9,307254884.9,0,0,,,,,,,,
166,1656997411,415925210.7,585821459.2,384552788,0,25633155.68,,,,,,,,
167,2002223142,191925513,165221621.8,840629722.8,0,0,,,,,,,,
168,2209201894,0,542798106.5,341977230.3,0,0,,,,,,,,
169,1816190637,1.28E+08,395684518.7,833494279.5,0,0,,,,,,,,
170,2145709009,6.40E+07,416098247.8,310016610.3,0,2375.927862,,,,,,,,
171,2318612530,6.40E+07,459923047.2,255694427.2,0,0,,,,,,,,
172,1959974353,22899286.83,665683195,400314463.5,0,1757585.977,,,,,,,,
173,1511081323,62990259.64,993423504.8,579984639.8,1009740.357,0,,,,,,,,
174,2164308543,1.92E+08,399131878.1,404234820,0,0,,,,,,,,
175,2286850908,1.92E+08,344016337.4,334416916.1,0,0,,,,,,,,
176,1977623174,6.40E+07,658435640.6,463688013.6,0,0,,,,,,,,
177,2419645920,0,307721521.3,430848315.4,0,0,,,,,,,,
178,2312193189,119806810.5,128275159.2,534307941.3,0,6.40E+07,,,,,,,,
179,2304160185,1.28E+08,396303105.4,297154264,0,0,,,,,,,,
180,2311367593,2.56E+08,260337291.9,338300222.9,0,0,,,,,,,,
181,2001554015,6.40E+07,495739594.8,417368311.3,0,0,,,,,,,,
182,2040550759,179808498.2,568136616.2,244300978.4,0,0,,,,,,,,
183,1850930757,6.40E+07,745231872.2,406584179.9,0,22189247.33,,,,,,,,
184,2452335990,119507071.7,342606484.3,264492928.3,0,0,,,,,,,,
185,2037863731,6.40E+07,456603193.5,573981499.5,0,0,,,,,,,,
186,2186883428,15768580.52,320293208.8,622846048.5,0,3300665.546,,,,,,,,
187,2235296718,106688359.5,349615088.7,319103062,0,0,,,,,,,,
188,2278653782,195239513.9,194506399.6,422741717.6,0,0,,,,,,,,
189,2061515287,41537380.71,379576268.2,644424334.8,0,0,,,,,,,,
190,2355388789,6.40E+07,325231320.9,378982520.7,0,0,,,,,,,,
191,2316423259,64028521.73,491821333.9,245182871.6,0,0,,,,,,,,
192,2434145008,94949887.35,286905104.6,328359262.1,0,0,,,,,,,,
193,1854057373,60477923.2,609755543.7,552719606.5,3569843.492,41153755.66,,,,,,,,
194,1714827832,266680355.2,631436485.9,461890979.9,0,0,,,,,,,,
195,2185714957,304000113.4,367068381.9,259428820.5,0,0,,,,,,,,
196,2492397584,133155510.5,208870030.2,163869222.7,0,112829555.7,,,,,,,,
197,1878523481,224954006.1,510374889.1,448918431.6,0,22189247.33,,,,,,,,
198,2100580653,6.40E+07,412588564.2,537417668.4,0,0,,,,,,,,
199,1889961426,6.40E+07,562965432.9,585663259.6,0,0,,,,,,,,
200,2247485026,191111286.8,207350982.9,554052704.2,0,0,,,,,,,,
201,2135789566,96946423.57,452219286.7,5.12E+08,0,3044723.652,,,,,,,,
202,2055301004,169044636.4,533894921.4,371162748.5,0,0,,,,,,,,
203,1868947160,37217671.16,426457842.3,727535427.5,0,0,,,,,,,,
204,1602442037,93806205.91,562124140.4,864217125.2,0,0,,,,,,,,
205,2302354996,9941685.426,205909147.6,434095419.6,0,6.40E+07,,,,,,,,
206,1817654672,6.40E+07,372603254.4,692103978.7,0,62188056.3,,,,,,,,
207,1935591064,6.40E+07,618768209.2,516950704.2,0,0,,,,,,,,
208,1906578942,254196815.3,353688853.2,684547727.1,0,0,,,,,,,,
209,2329525153,242346463,151937573.5,386254840.6,0,0,,,,,,,,
210,2477554970,111246046.2,210681970.5,349917057.9,0,0,,,,,,,,
211,2360070473,343405112.3,226568742.4,1.92E+08,0,0,,,,,,,,
212,2190995624,110222317.3,480575680.6,318056405.9,0,0,,,,,,,,
213,1989874323,61699340.35,332978273.4,740316839.2,0,6.40E+07,,,,,,,,
214,1873047026,47601497.47,352104431.8,581152671.5,0,48847933.86,,,,,,,,
215,2347407924,191885893.5,256232394.5,285382557,0,0,,,,,,,,
216,2.43E+09,1.28E+08,400452759.3,239547240.7,0,0,,,,,,,,
217,2180611101,86354456.48,159352593.5,643771395.1,0,0,,,,,,,,
218,2098635040,133043116.5,402061176.5,319548794.9,0,91475355.53,,,,,,,,
219,1861395201,87401275.72,612483935.2,574295914.5,0,0,,,,,,,,
220,2058240954,135356484.3,366402562.1,487218534.8,0,6.40E+07,,,,,,,,
221,2118747402,66568865.89,486932513.7,494653364.5,0,0,,,,,,,,
222,2213690600,1.92E+08,325313121.3,390514179,0,0,,,,,,,,
223,2278462957,114363065.1,315362260.1,333778797.6,0,6.40E+07,,,,,,,,
224,1886922313,216615306.1,697510626.2,336308632.5,0,0,,,,,,,,
225,1710083928,124405690.6,605931492.7,651540459,0,0,,,,,,,,
226,2056341684,109972716.2,339693681.7,616513403.3,0,0,,,,,,,,
227,2175527961,279984648.2,271178183.9,408777030.9,0,0,,,,,,,,
228,2033188535,0,569042091.6,597769373.4,0,0,,,,,,,,
229,1776928172,184679042.7,3.20E+08,839320957.3,0,0,,,,,,,,
230,2082119377,0,379066530.8,340495828.1,0,65438611.8,,,,,,,,
231,2360233054,65422228.5,350513174.5,416716342.2,0,0,,,,,,,,
232,2120115406,114141446.6,415453465.6,451588958.1,0,0,,,,,,,,
233,2032648605,1.28E+08,366305797.9,559267614.1,0,0,,,,,,,,
234,2173372289,68780607.88,423409534.3,257364455.2,0,35142881.83,,,,,,,,
235,2128590563,137211511.8,367209053.6,505311274.2,0,2375.927862,,,,,,,,
236,2027335350,225707061.8,318454855.8,628502732.4,0,0,,,,,,,,
237,2221742776,1.28E+08,443708461.9,298150714.4,0,54035176.33,,,,,,,,
238,1906235120,75809966.53,703249186.8,434108022.6,0,22819247.27,,,,,,,,
239,2037476755,260937882.9,399458022.2,469868881,0,0,,,,,,,,
240,1987727645,6.40E+07,627490643.3,320882719.6,0,0,,,,,,,,
241,2336195413,0,515344943.4,307377879.6,0,0,,,,,,,,
242,2077286348,56238773.6,272496349.1,539768904,0,6.40E+07,,,,,,,,
243,2085500383,137968649.3,352250568.6,5.76E+08,0,0,,,,,,,,
244,1864165944,1.28E+08,620980560.4,528474857.3,0,4297977.948,,,,,,,,
245,2121293347,0,319982980.2,6.40E+08,0,0,,,,,,,,
246,1904774083,118416010.7,585305033.7,486223437.1,14185201.1,64000000,,,,,,,,
247,1926027524,6.40E+07,474092091.7,629166813.4,0,13550269.19,,,,,,,,
248,2262233298,200712127.3,374886098.6,279591366.1,0,0,,,,,,,,
249,2302570858,75432921.16,498540530.1,323455690.9,0,0,,,,,,,,
250,2644553069,1.28E+08,210970065.6,1.92E+08,0,0,,,,,,,,
251,2138094419,90084497.27,398125282.9,488507177.6,0,0,,,,,,,,
252,2202092272,164307753.3,479298941,325694350.4,0,0,,,,,,,,
253,1978695487,96194680.83,667914654.2,342286080.5,0,0,,,,,,,,
254,1962365449,139351664.8,506395001.3,559870270,0,0,,,,,,,,
255,2036727132,214817709.4,387602396.7,483507958.1,0,0,,,,,,,,
256,2332753015,126854055.3,377073664.8,320335084.4,0,0,,,,,,,,
257,2374048992,77473117.7,425874764.4,269361398.4,0,0,,,,,,,,
258,1915999418,186442518.9,558356831.1,426149837.5,23075613.01,0,,,,,,,,
259,2204205162,192039619.5,203358175.3,490120945.2,0,0,,,,,,,,
260,2307621428,184869039,239591763.4,315649918.7,0,0,,,,,,,,
261,2093845733,1.28E+08,367077876.4,471869003.5,0,6.40E+07,,,,,,,,
262,1832471017,0,815666857.4,510486072.5,0,0,,,,,,,,
263,1918760370,269442888.6,424461816,587334925.7,0,0,,,,,,,,
264,2064999477,6.40E+07,553459245.6,409894057.1,0,6.40E+07,,,,,,,,
265,1823893903,166559910.8,516479959.9,6.40E+08,0,0,,,,,,,,
266,1875460587,1.92E+08,513746816.7,525963920.2,0,0,,,,,,,,
267,2264372496,6.40E+07,478411461.1,3.20E+08,0,0,,,,,,,,
268,2437964604,96856061.49,317978301.4,3.20E+08,0,0,,,,,,,,
269,1908024031,68501383.74,377609617.3,514189455.4,0,0,,,,,,,,
270,2298861656,162683434.7,346983009.2,235215263.2,0,63085345.88,,,,,,,,
271,2390279527,301630252.6,316090220.1,190056405.9,0,0,,,,,,,,
272,1963682256,37394914.02,534726172.4,525349967.4,0,36780655.53,,,,,,,,
273,1995763613,2.56E+08,2.56E+08,524320268.7,0,0,,,,,,,,
274,2152846456,188172838.7,543359950,127095664.2,0,0,,,,,,,,
275,1691822845,469905746,474519040,259537523.4,0,0,,,,,,,,
276,2182267520,129415933.8,307078064.8,578529832.4,0,0,,,,,,,,
277,2332668736,6.40E+07,257561083.9,3.84E+08,0,6.40E+07,,,,,,,,
278,2080191638,227812395.1,352723034.9,452622807.7,14185201.1,0,,,,,,,,
279,1954848635,218139093.2,601623291.5,248032338.7,0,525793.8129,,,,,,,,
280,2292346320,191766048.2,367795222.3,325254481.5,0,10966256.68,,,,,,,,
281,2111730397,9265697.907,534974102.2,313399011.6,0,0,,,,,,,,
282,2194689059,0,293910830.8,577328315.3,0,15697468.3,,,,,,,,
283,2021245855,139351664.8,282874545.7,691360878.7,0,0,,,,,,,,
284,2145768871,54918105.04,563457217.1,322449298.6,0,0,,,,,,,,
285,2012444418,1.92E+08,621040978.8,191354410.6,0,27398964.08,,,,,,,,
286,2232755712,1.28E+08,307754694.1,433512897.9,0,0,,,,,,,,
287,2484626091,86899286.83,157672736.1,370151315.4,0,6.40E+07,,,,,,,,
288,1831496742,336708286.7,512073534.7,340473636,3569843.492,6.40E+07,,,,,,,,
289,1934861100,65751217.53,546739130.1,495480274.3,0,0,,,,,,,,
290,2313886542,236532549.8,299403719.5,267538026,0,0,,,,,,,,
291,2086469069,65219717.47,483287350.9,419238110.1,0,0,,,,,,,,
292,2416752271,0,221208238.1,472254243.6,0,0,,,,,,,,
293,2357677965,192056713.2,390879818.1,180414606,0,0,,,,,,,,
294,2098376768,250046862.4,368867139.9,427451302.9,0,0,,,,,,,,
295,2010741940,121180957.9,374879181.2,451325629.1,0,6.40E+07,,,,,,,,
296,2078340775,77563278.66,319109077.4,703984333.8,0,0,,,,,,,,
297,2029706495,71650917.28,468800875.4,550189777.1,0,13550269.19,,,,,,,,
298,1895494567,64427795.41,481020441,557150367,0,63085345.88,,,,,,,,
299,2133579731,0,473683665,521391155.3,0,13550269.19,,,,,,,,
300,2028881875,2185192.626,613915648.3,429767283.1,0,0,,,,,,,,
301,1950675130,79590140.31,684366781.5,403715288.2,0,6.40E+07,,,,,,,,
302,2206242247,2.56E+08,394357306.7,218316443.3,0,63427045.36,,,,,,,,
303,1859012846,147265095.2,416509443.2,757106491.5,0,0,,,,,,,,
304,2008643638,98923257.14,581747936.4,481478693.5,0,0,,,,,,,,
305,2156326475,115186318.8,306865445.2,358203462.6,0,62188056.3,,,,,,,,
306,2119741307,6.40E+07,672646311.4,262217239.9,0,0,,,,,,,,
307,2176424491,154352969.7,320730099.8,539789748.4,0,0,,,,,,,,
308,1990160008,6.40E+07,297898141.1,770575618.3,0,26004176.82,,,,,,,,
309,2103522361,72940908.98,626220442.1,279846315.9,0,0,,,,,,,,
310,2074641450,1.28E+08,696102784,200289983.1,0,0,,,,,,,,
311,2246958898,199714849.2,287051198.9,319705055.7,0,0,,,,,,,,
312,1901698478,206853309.8,285023439.2,612296336.3,0,17580154.8,,,,,,,,
313,1907066704,244084940,470525236.3,525753743.8,0,0,,,,,,,,
314,2405215350,6.40E+07,372875306,3.20E+08,0,0,,,,,,,,
315,2121628328,105274155.5,457384144.5,301084739.7,0,5125423.255,,,,,,,,
316,1865818630,1.28E+08,558065449.3,625466146.4,0,0,,,,,,,,
317,1962377484,59923760.41,442216607.2,672653001.2,0,21407727.69,,,,,,,,
318,2229742150,16739968.71,528008743.1,370126500.9,0,0,,,,,,,,
319,2065901104,274945582.4,408447670,4.48E+08,0,0,,,,,,,,
320,2456502412,0,328538230.7,382641289.6,0,0,,,,,,,,
321,2200649851,186442518.9,278247558.1,4.48E+08,23075613.01,0,,,,,,,,
322,2225275010,6.40E+07,417941672.6,360354211.8,0,0,,,,,,,,
323,1819333060,0,762254129.4,556701164.2,0,0,,,,,,,,
324,2176026269,0,503743856.7,363913339.5,0,0,,,,,,,,
325,1961782924,47734246.02,586655052.6,499079961.7,0,53708561.4,,,,,,,,
326,2384912491,6.40E+07,444347245.6,280685610.2,0,0,,,,,,,,
327,2344769805,63630833.97,383691264.4,256677901.6,0,0,,,,,,,,
328,1952395617,6.40E+07,319199971.9,801457166.3,0,0,,,,,,,,
329,2385731747,68191708.95,378518117.4,247034567.7,0,0,,,,,,,,
330,2413337637,1.28E+08,368181230.8,290481132,0,0,,,,,,,,
331,2214445896,128007320.8,308079985.1,455894335.9,0,4297977.948,,,,,,,,
332,1842079297,257914194.9,342443023.1,563771845.3,0,0,,,,,,,,
333,2238586629,118435300.3,298866963.9,363508945.3,0,0,,,,,,,,
334,2336815202,2504548.47,286861231,4.48E+08,0,0,,,,,,,,
335,2029288209,6.40E+07,581700822.1,462421883,0,0,,,,,,,,
336,1910194026,226766779.1,394090340,468321129.4,0,0,,,,,,,,
337,2107751059,1.28E+08,138517921.7,670082906,0,0,,,,,,,,
338,2243878589,1.28E+08,307871256,315439471.6,0,0,,,,,,,,
339,1615777946,256771766.6,623440008.6,573807405.4,8586992.279,0,,,,,,,,
340,1941408576,1.92E+08,519123740.9,482860820.7,0,0,,,,,,,,
341,1914883346,78092217.21,446899794.1,519896046.1,0,3300665.546,,,,,,,,
342,1778121764,66504548.47,592394498.6,654015350.4,0,0,,,,,,,,
343,2163941477,30608711.73,793471294.4,1.92E+08,0,0,,,,,,,,
344,2563243768,123110339.7,180002566.1,249505640.5,7232364.013,0,,,,,,,,
345,2262819351,134053952.5,463350120.7,317867351.9,0,0,,,,,,,,
346,1721947671,2.56E+08,626166353.5,495011652.4,0,0,,,,,,,,
347,2185540727,94202034.37,568011159.3,229647030.3,0,106587655.4,,,,,,,,
348,1842758951,183810978.2,627925980.1,401157968.1,0,0,,,,,,,,
349,2121323482,1.28E+08,128807345.2,556874267.2,0,6.40E+07,,,,,,,,
350,2115545427,344151311.8,142281488.3,598021773.2,0,0,,,,,,,,
351,2005625477,6.40E+07,517289702.6,576221701.2,0,0,,,,,,,,
352,2201830079,0,283915100.5,592083915.9,0,24865045.04,,,,,,,,
353,2086510583,6.40E+07,688608078,272423698.5,0,6.40E+07,,,,,,,,
354,1980124817,44538109.53,529430630.9,626410731.7,0,0,,,,,,,,
355,1944061102,86775668.02,831005784.6,252542310.7,0,37061601.51,,,,,,,,
356,2167188987,138922169.8,432325204.9,363331301.4,0,0,,,,,,,,
357,2323762179,0,336388578.7,539849242,0,0,,,,,,,,
358,2361522040,31092999.34,80698415,581607971.3,0,0,,,,,,,,
359,1982899032,1.28E+08,502752929.4,4.48E+08,0,0,,,,,,,,
360,2136137398,28869092.13,443488634,429396984.5,0,6.40E+07,,,,,,,,
361,2133907645,165492731.4,365702972.1,371896563.9,32217575.28,18403236.45,,,,,,,,
362,2377018852,6.40E+07,310981148.2,3.84E+08,0,6.40E+07,,,,,,,,
363,2344176202,1.92E+08,302397932.6,234451519.6,0,0,,,,,,,,
364,2015169846,2620821.766,559091251.7,482348334.9,0,0,,,,,,,,
365,2033588551,70654414.92,327757034.1,711049324.2,0,0,,,,,,,,
366,2142939604,0,468777042.9,489556976.9,0,0,,,,,,,,
367,2287006786,1.28E+08,337494622.5,417811365.9,0,0,,,,,,,,
368,2212572282,191105309,450091479.4,191345263.9,0,138435189.2,,,,,,,,
369,2304441657,0,424589750.7,412004378.3,0,3309970.798,,,,,,,,
370,1901875709,319869818.3,297649463.8,631231695.8,0,0,,,,,,,,
371,2099834624,191538282.1,396215050,447480915.4,0,63950326.44,,,,,,,,
372,2213266114,64944300.09,219542938.9,480647609.9,0,0,,,,,,,,
373,1785854304,70654414.92,779933184.9,383280838.8,0,118310472.6,,,,,,,,
374,2066234028,116516271,425956528.9,483158969.6,0,0,,,,,,,,
375,2428710682,69239882.14,351264310.9,291163929.7,0,0,,,,,,,,
376,2077661147,181174911,486719705,346541674.4,0,0,,,,,,,,
377,2319502831,140193731.6,292610195.1,280270781.9,0,62849026.96,,,,,,,,
378,2480388569,0,373025498.9,346585932.4,0,0,,,,,,,,
379,1889615834,238780721.4,336317648.6,519626686.5,0,43965089.67,,,,,,,,
380,1904129827,307382909,399775620.8,461654061.1,0,0,,,,,,,,
381,2313357491,3346488.303,298387685.4,451113852,0,0,,,,,,,,
382,2353405804,95888841.1,320231448.8,333493976.7,0,6.40E+07,,,,,,,,
383,2248241182,1.28E+08,312342472.4,440222135.5,0,0,,,,,,,,
384,2008268995,6.40E+07,670737931,333938116.1,0,64000000,,,,,,,,
385,2231883477,318670195.7,214793572.4,382282398.5,0,0,,,,,,,,
386,2351865430,19360790.47,349881742.5,373451039,0,5125423.255,,,,,,,,
387,2394474540,6.40E+07,290445644.8,393764303.3,0,0,,,,,,,,
388,2171109932,123321779,485341545.9,3.20E+08,0,0,,,,,,,,
389,2162273025,1.28E+08,319239040.7,512760959.3,0,0,,,,,,,,
390,2302871773,6.40E+07,524438560.5,188456063.8,0,0,,,,,,,,
391,1999482425,1.28E+08,340475393.3,467218936.1,0,63468932.52,,,,,,,,
392,2044663063,213215335.3,360307775.8,500568622.9,0,0,,,,,,,,
393,1970048682,131563107.2,596376256.6,380741533.9,41611605.37,0,,,,,,,,
394,2289973119,76752.16916,577341153.1,86781026.19,0,49494272.04,,,,,,,,
395,2237474134,6.40E+07,287996060.9,517571124.5,0,0,,,,,,,,
396,1655438452,285806205.9,665512263.1,315506820.6,0,86864259.9,,,,,,,,
397,1903494044,88357368.41,583978560.7,527724711.2,0,0,,,,,,,,
398,2112328829,69229362.7,576485745.7,336731804.5,0,0,,,,,,,,
399,2247822043,64740362.35,521257166.8,133829453.6,0,64243004.23,,,,,,,,
400,2134969522,6.40E+07,838918182.7,142404370,0,19707925.52,,,,,,,,
401,1914978833,171376993.3,639245356.1,385902382.7,0,54501542.59,,,,,,,,
402,2033700446,46344036.96,677602815,382351199.8,0,0,,,,,,,,
403,2064554198,188666463.5,332653481,397833349.4,0,61052835.3,,,,,,,,
404,1851458847,2.56E+08,422586270.7,526287514.8,0,6.40E+07,,,,,,,,
405,1961158569,2.56E+08,385557382,5.12E+08,0,57961381.71,,,,,,,,
406,2215139278,123848407.3,363488661.1,467210164.3,0,0,,,,,,,,
407,2150473034,0,285762720.4,705450856.9,0,0,,,,,,,,
408,1891499524,1.28E+08,532612879.6,465217233.8,0,0,,,,,,,,
409,2048509177,35922186.87,595664853.7,383835097.5,0,0,,,,,,,,
410,1443684934,267017951.5,513659211.9,944249504.4,0,0,,,,,,,,
411,2447508528,6.40E+07,191941292.1,365773798.5,0,6.40E+07,,,,,,,,
412,2361306952,66068378.71,237723029.9,371061257.1,0,92198369.91,,,,,,,,
413,2027970089,6.40E+07,596560978.1,401602454.2,0,63468932.52,,,,,,,,
414,1946139174,257701105.4,294288210.8,633311063,0,0,,,,,,,,
415,1845579989,0,461956583.7,757299109.6,0,60219487.86,,,,,,,,
416,1896126616,199052788.7,426813197,461785553.1,0,0,,,,,,,,
417,2223745060,6.40E+07,583592662.5,310007506.6,0,0,,,,,,,,
418,1820397882,1.28E+08,470821216.1,700005651,0,38163193.58,,,,,,,,
419,2304968915,6.40E+07,233757413.6,512217782.2,0,0,,,,,,,,
420,2068575722,175402761.8,341478341.5,447553806.7,0,0,,,,,,,,
421,2216002846,6.40E+07,245010952.7,638282398.5,0,0,,,,,,,,
422,2254181994,1.28E+08,397946008.4,330254487.8,0,0,,,,,,,,
423,1992384483,1.92E+08,380518513.9,480371457.2,0,6.40E+07,,,,,,,,
424,2159095864,77473117.7,285424234.5,555190104.7,0,0,,,,,,,,
425,1811320408,32876134.35,549049227.4,627305349.5,0,0,,,,,,,,
426,1960153015,338576792.9,464753725.4,322780703.1,0,0,,,,,,,,
427,2203535833,121860220.9,437858355.5,283353467.6,0,10141644.48,,,,,,,,
428,1744675985,196327146.8,632547984.8,571211236.2,0,0,,,,,,,,
429,2327247350,134294517.5,231640486.7,375485583.3,0,0,,,,,,,,
430,2289575249,67622951.9,514737345.2,328064453.5,0,0,,,,,,,,
431,2134601580,139212054.5,501384897.9,3.84E+08,0,0,,,,,,,,
432,1896246157,1.28E+08,518031106.5,3.84E+08,0,6.40E+07,,,,,,,,
433,1959461707,0,812610940.5,255051344.5,0,6.40E+07,,,,,,,,
434,2291263699,133876227.1,3.84E+08,383480915.4,0,0,,,,,,,,
435,2391058615,70660.08153,423932140,310376864.5,0,2958028.813,,,,,,,,
436,2019424565,0,583448993.7,460243445.7,0,6545989.891,,,,,,,,
437,2494344926,0,321399717.5,374734782.8,0,0,,,,,,,,
438,2478066654,6.40E+07,161707030.4,376445971.2,0,0,,,,,,,,
439,2347026329,253979273,496364271.6,70411604.96,0,0,,,,,,,,
440,1575000816,23605828.25,463480785.1,1033469315,0,0,,,,,,,,
441,2258205270,12193731.6,417365859.8,512235138.8,0,0,,,,,,,,
442,2166037600,11351664.79,469611148.1,542540588.3,10344723.71,0,,,,,,,,
443,2262837396,0,556012417.4,253874503.6,0,0,,,,,,,,
444,1572209745,192931350.7,814763327.6,467741027,0,6.40E+07,,,,,,,,
445,2075919508,1.28E+08,491705142.9,338926042,0,0,,,,,,,,
446,1976752934,64533284.49,414633240.6,475442015.4,0,0,,,,,,,,
447,1575921806,84440263.66,517953400.8,727014500.9,0,0,,,,,,,,
448,1932293954,120925949.2,563883368,403315451.3,0,0,,,,,,,,
449,1996185527,1.28E+08,736530052.1,3.20E+08,0,0,,,,,,,,
450,2284328125,6.40E+07,595655635.9,147667573.2,0,6.40E+07,,,,,,,,
451,2105274766,76183001.16,375276402.4,573072274.9,0,0,,,,,,,,
452,2146196288,42381860.15,388317780.3,578839421.3,0,0,,,,,,,,
453,2023096468,217846084.3,469035253.3,489560477,0,0,,,,,,,,
454,2065227914,9414.409037,631389083.1,440068472.5,0,0,,,,,,,,
455,1946566171,185100989.2,510459636.6,557873203.7,0,0,,,,,,,,
456,2040149806,146352267.5,471696987.7,365553992.1,0,25633155.68,,,,,,,,
457,2340434827,6.40E+07,239099006.7,445214739.5,0,0,,,,,,,,
458,1870730734,2.56E+08,583412567.1,448003705.1,0,0,,,,,,,,
459,2126992406,1.92E+08,603094242.7,277913351.5,0,0,,,,,,,,
460,2012858929,227141071.2,5.12E+08,4.48E+08,0,0,,,,,,,,
461,2048059058,1.28E+08,578496845,445162528.7,0,0,,,,,,,,
462,2390944724,6.40E+07,292859241.9,433109332.8,0,0,,,,,,,,
463,2085879184,50346463.01,547495527.4,405586925,0,0,,,,,,,,
464,1873310366,254310214.6,517749387.7,500558185.8,0,0,,,,,,,,
465,2136431934,155371522.8,571426019.1,248999690.8,0,0,,,,,,,,
466,1905789372,205919869.1,403266435,524031948.6,0,6.40E+07,,,,,,,,
467,1921143276,127826303,499049384.5,507305923.5,0,0,,,,,,,,
468,2356622636,1.92E+08,163773627.1,320694883.8,0,0,,,,,,,,
469,1919503606,2.56E+08,363605454.5,660394545.5,0,0,,,,,,,,
470,1870351597,85670772.78,384188717.2,635371422.5,0,0,,,,,,,,
471,2235789968,131849064.6,384360967.2,4.48E+08,0,0,,,,,,,,
472,2162840485,235841680.6,195747363.3,589415407.9,0,0,,,,,,,,
473,2010995506,294606101.9,431369503.2,401604473.9,0,0,,,,,,,,
474,2306342575,110409517.5,126167409.8,450290376,0,6.40E+07,,,,,,,,
475,2364873370,61325663.1,290498283.9,309655276.3,22822964.7,0,,,,,,,,
476,2257186333,6.40E+07,398752758,480060909.2,0,0,,,,,,,,
477,2206842767,1.28E+08,385721142.8,352971536.1,0,0,,,,,,,,
478,2050718284,226073720,303313076.9,393022597.8,0,6.40E+07,,,,,,,,
479,2013037018,79727068.79,469313245,452041401.4,23075613.01,0,,,,,,,,
480,2101850101,1.28E+08,265920462.3,566536222.5,0,0,,,,,,,,
481,1974110703,154913618.8,647420169.1,388136703.8,0,0,,,,,,,,
482,2050900210,185324965.4,656366094.7,303207652.3,0,0,,,,,,,,
483,2309988939,6.40E+07,492150470.2,283128033.7,0,22819247.27,,,,,,,,
484,2340529321,235468871.3,96013744.6,392492928.3,0,0,,,,,,,,
485,2207650387,128479236.6,252869939.1,462594266.7,0,0,,,,,,,,
486,2278009635,1.28E+08,613414854.4,66949464,0,0,,,,,,,,
487,1961953416,0,632174312.1,446842528.9,0,0,,,,,,,,
488,2048419375,6.40E+07,354174003.7,684939918.2,0,0,,,,,,,,
489,1921574661,31787787.94,656317558.4,461254543.9,0,0,,,,,,,,
490,2135587433,34683434.74,456623877.6,461729473.8,0,63427045.36,,,,,,,,
491,2040239734,263052733.6,359501911.7,407069518.1,0,0,,,,,,,,
492,2461613720,0,363741587.1,252212033.9,0,0,,,,,,,,
493,2070107389,3.20E+08,364002614,445889996.6,0,0,,,,,,,,
494,2077612094,90913618.84,397935246.1,471151135.1,0,0,,,,,,,,
495,1793004735,6.40E+07,262959509.5,689835420.8,0,0,,,,,,,,
496,2080733426,73265697.91,405585878.2,602990295.2,0,0,,,,,,,,
497,2012639341,127344322.1,567579053.7,420173873.2,0,63983748.92,,,,,,,,
498,2417510216,94810452.21,78489783.75,569496551.5,0,0,,,,,,,,
499,2103534039,208962236.5,359417466.1,455372269.6,0,0,,,,,,,,
500,2153832357,1.28E+08,584397670.8,3.20E+08,0,0,,,,,,,,
501,2093132776,64245800.14,517186232,423765992.6,0,6.40E+07,,,,,,,,
502,2110574152,95960054.61,625393766.6,232402855.3,0,122599049.3,,,,,,,,
503,1894998496,255660847.2,607458096.6,337989341,0,0,,,,,,,,
504,2250970874,1.28E+08,300979235.1,374195165.8,0,0,,,,,,,,
505,1963526332,181296147.7,555067232.5,463660226.6,0,0,,,,,,,,
506,2026557677,1.28E+08,496945978.8,377879875.7,0,36780655.53,,,,,,,,
507,1673853640,174222317.3,540690714.2,763054744.9,0,32829083.57,,,,,,,,
508,2019397708,0,440729015.8,682344030.2,0,0,,,,,,,,
509,1442833105,321083911.6,558741286.4,700735310.2,0,0,,,,,,,,
510,1769921674,62720209.54,514945733.6,597731554.8,0,0,,,,,,,,
511,2351847405,127703704,358116540.1,253959440.1,0,0,,,,,,,,
512,2346173233,1.28E+08,282838226.3,298879111.8,0,26004176.82,,,,,,,,
513,2256146820,216456.5542,220221198.3,552665702.4,0,88341698.87,,,,,,,,
514,1663147716,157715972.9,491180477.3,799287171,0,0,,,,,,,,
515,2137978060,27014369.41,461427369.6,500987276.5,0,0,,,,,,,,
516,1816298603,233510151.8,527471756,485104584.3,0,6.40E+07,,,,,,,,
517,2252393816,174869349.7,510993473.8,230013219.6,0,0,,,,,,,,
518,1905218289,6.40E+07,889822130.1,264932532.8,0,0,,,,,,,,
519,2171917430,1.28E+08,224054172.2,671945827.8,0,0,,,,,,,,
520,1607576893,127203466.3,861275839.9,375332765.5,0,36780655.53,,,,,,,,
521,1975755413,96876134.35,520917408.8,514449298.6,0,0,,,,,,,,
522,2198886889,161030605.1,288025866.3,322992319.9,0,0,,,,,,,,
523,2328872678,102752959,350100872.6,3.20E+08,0,0,,,,,,,,
524,1812333526,255816579.8,619189914.1,403289889.9,0,0,,,,,,,,
525,2119282709,1.28E+08,345025397.2,525102558.9,0,18403236.45,,,,,,,,
526,2026757188,0,603352919.1,467020569.1,0,0,,,,,,,,
527,1906448652,2481582.622,300845769.8,789549318.7,0,6.40E+07,,,,,,,,
528,2052637878,0,511272190.1,625487110.8,0,0,,,,,,,,
529,1992111291,70532490.98,3.20E+08,639680984.2,0,1757585.977,,,,,,,,
530,2449956777,1.28E+08,228819403.8,297979692.1,0,0,,,,,,,,
531,1818692756,140383407.7,769870755.9,3.84E+08,0,0,,,,,,,,
532,2170197492,227281055.6,290445694.7,439535952.9,0,0,,,,,,,,
533,1.73E+09,1.92E+08,534860943.7,745139056.3,0,0,,,,,,,,
534,2026292806,0,616604341.3,417623795.6,0,6.40E+07,,,,,,,,
535,2014266456,190771120.1,492741545.8,416133873.3,0,0,,,,,,,,
536,2080966814,87605828.25,490967255.4,455725785.4,0,731036.0917,,,,,,,,
537,2245186986,1.28E+08,402420695,241264663.5,0,6.40E+07,,,,,,,,
538,2013768770,255826303,546413043.8,223969932,0,0,,,,,,,,
539,2106616467,241276280.8,347292562.1,436716221.9,0,0,,,,,,,,
540,1884498947,0,580758541.7,558641916.8,30838137.65,0,,,,,,,,
541,2293966194,0,375831865.2,474222521,0,0,,,,,,,,
542,1958126474,246943965.2,285655257.9,649844379.1,0,0,,,,,,,,
543,1525049153,66620821.77,586994839,909432714.7,0,53708561.4,,,,,,,,
544,2249539237,263276921.6,363522372.8,227395179,0,0,,,,,,,,
545,2340690510,6.40E+07,290049771.3,505259718.2,0,0,,,,,,,,
546,2345763502,1.92E+08,293263013.5,319723877.4,0,0,,,,,,,,
547,1825846286,227633817.8,366938186.4,669999792.4,0,0,,,,,,,,
548,2347435239,6.40E+07,276679464.5,500720063.4,0,0,,,,,,,,
549,2164128996,125420894.7,547239178.6,228309146.4,0,262631.7752,,,,,,,,
550,2392475742,4991986.788,231441650.6,556138456.4,0,0,,,,,,,,
551,1966121702,76627334.45,649099863.5,450873653.5,0,0,,,,,,,,
552,1678799449,122240011,752041884,496124702.4,0,0,,,,,,,,
553,2094804960,64668121.24,299280054.2,699817100.1,0,32829083.57,,,,,,,,
554,1927600276,1.28E+08,493468390.7,650931333.2,0,0,,,,,,,,
555,1973831942,197206979.9,463962407.4,378960480.7,0,0,,,,,,,,
556,1845067630,42417699.55,509487144.1,591859583,33115286.99,0,,,,,,,,
557,2320814110,63998744.87,530780025.3,284407120.2,0,0,,,,,,,,
558,1890677380,1.92E+08,477570043.1,575852853.6,0,0,,,,,,,,
559,2035624378,5.12E+08,32877089.33,499637097.6,0,0,,,,,,,,
560,2060928425,169544258,388267566,5.76E+08,0,0,,,,,,,,
561,2214524170,1.92E+08,388513940.4,274253913.4,0,0,,,,,,,,
562,2258935035,93644085.68,283285798.6,564135080.5,0,0,,,,,,,,
563,2042604070,78016260.64,354700180.1,555700487.4,0,0,,,,,,,,
564,2402418473,193857339.9,314559902.6,236937234.3,0,0,,,,,,,,
565,2287612055,26927275.25,522852503.6,259455690.9,0,0,,,,,,,,
566,1998665625,175532212.4,415506904.3,391102495.7,0,94757589.96,,,,,,,,
567,2344880117,133651458,115872884.6,469433144.7,0,61064358.17,,,,,,,,
568,1992984400,6.40E+07,838694729.2,302346857.3,0,0,,,,,,,,
569,1949444677,222810452.2,313608520,590339914.8,0,6.40E+07,,,,,,,,
570,2297461902,6.40E+07,269879814.3,532470689,0,0,,,,,,,,
571,2158397983,60367305.2,191008939.4,763595207.7,0,0,,,,,,,,
572,2253404246,73223824.73,280817673.3,356998464,0,118501542.6,,,,,,,,
573,2050611579,71130921.09,361992900.2,546576209.4,0,3044723.652,,,,,,,,
574,2117789340,53498302.84,423730520.7,450949249.8,0,4297977.948,,,,,,,,
575,2308361884,113230754.2,417904387.6,2.56E+08,0,0,,,,,,,,
576,2085507498,192076752.2,635371353.9,2.56E+08,0,0,,,,,,,,
577,2325711789,6.40E+07,447721569.7,195687292.8,0,17580154.8,,,,,,,,
578,1960099548,260023661.8,531876790,395938885.8,0,0,,,,,,,,
579,2376081344,9211511.781,449803084.5,353153694.8,0,0,,,,,,,,
580,2077228384,255565001.3,299479675.7,441635595.4,0,0,,,,,,,,
581,2176592240,0,603177538.4,374225164.9,0,0,,,,,,,,
582,1894268038,258088925.4,389732095.9,405830907.2,0,0,,,,,,,,
583,1849655266,203977427.5,388732559.3,654654420.1,0,0,,,,,,,,
584,2337518130,63998744.87,294007542,383099004.9,0,61052835.3,,,,,,,,
585,1613931672,1.92E+08,311242244.3,888730356.6,7232364.013,0,,,,,,,,
586,2229513489,6.40E+07,560852863.9,266996431.7,0,0,,,,,,,,
587,1896223599,126264219,516988462.9,5.76E+08,0,0,,,,,,,,
588,2268434204,169696593.3,280780478.4,294483096.1,51614863.96,0,,,,,,,,
589,1933753638,118830530.3,307048684.4,662036279.4,0,0,,,,,,,,
590,2307765124,74163440.88,308389472.7,446055827.4,0,0,,,,,,,,
591,2186938733,4706256.764,567873144.7,388158399.5,0,0,,,,,,,,
592,2663730571,6.40E+07,96867464.88,2.56E+08,0,0,,,,,,,,
593,1970898855,136602984.3,332755172.9,670490788.6,0,0,,,,,,,,
594,2039455160,232747704.1,523099162.6,307927096.4,0,0,,,,,,,,
595,2026525023,0,643412183,466182286.9,0,61064358.17,,,,,,,,
596,1810906267,123073758.6,835036578.6,275698534.8,0,10966256.68,,,,,,,,
597,2065181658,130851616.6,430157066.8,572137158.9,0,0,,,,,,,,
598,1944441245,175276654.9,421943048.7,471368555.7,0,6.40E+07,,,,,,,,
599,2220884105,1.92E+08,291906466.6,319165282.7,0,525793.8129,,,,,,,,
600,1856227674,128497347.1,574321468.9,577450856.9,0,0,,,,,,,,
601,2325240343,198543510.3,327003816.2,309150040.7,0,0,,,,,,,,
602,2266383543,6.40E+07,250412485.9,582909673.9,0,0,,,,,,,,
603,2046214101,6.40E+07,783687981.6,245099796.4,0,0,,,,,,,,
604,2108662693,1.28E+08,386576815.1,328941815.9,0,6.40E+07,,,,,,,,
605,1970450151,5183383.611,422435870.8,622447614.5,0,0,,,,,,,,
606,2066170268,57994684.51,395072700,617552616.1,0,0,,,,,,,,
607,2148136156,192412828.2,368605301.5,445917879,0,0,,,,,,,,
608,2726001334,0,167940323.6,192675574.3,0,0,,,,,,,,
609,2244199464,166757140.8,533992843.7,186000254.1,0,0,,,,,,,,
610,2089992157,280634571.1,261910152.7,541828662.3,0,0,,,,,,,,
611,2208424104,0,390238806.9,571381061,0,10141644.48,,,,,,,,
612,2297462535,70700068.14,384707783.2,390382614.4,0,0,,,,,,,,
613,2138242919,196367598.1,486031102.6,303823317.7,0,0,,,,,,,,
614,2219598775,6.40E+07,599973237.5,308629594.8,0,0,,,,,,,,
615,2434334518,1.28E+08,317665481.7,311912119.5,0,0,,,,,,,,
616,1812920599,1716618.764,797237629.8,387054307.4,0,0,,,,,,,,
617,2383620375,107813448.2,270836594.7,392976070.2,0,0,,,,,,,,
618,2034729341,102189262.6,392663396.2,423218837.1,0,525793.8129,,,,,,,,
619,2120184389,70439282.31,538293984.2,342257946.6,0,0,,,,,,,,
620,2046242464,192200381.4,471147183.5,398829799.3,41611605.37,0,,,,,,,,
621,2120730026,0,572060959.6,420811266.8,0,0,,,,,,,,
622,2207353089,0,361491970.5,560342249.1,0,0,,,,,,,,
623,1940048342,6.40E+07,475336991.6,461531419.4,0,6.40E+07,,,,,,,,
624,1979068596,227591805.6,455494605.2,385674373.2,0,0,,,,,,,,
625,2325563794,1.92E+08,358171814,2.56E+08,0,0,,,,,,,,
626,1758467337,184930070.7,882762991.1,165289755.8,0,25633155.68,,,,,,,,
627,2209865350,97920578.84,230845752.5,543015114.2,22947871.29,0,,,,,,,,
628,1893663635,127736892.8,554732518.6,322568999.2,0,24865045.04,,,,,,,,
629,2377221209,89762708.78,250704448.7,433470314.4,0,0,,,,,,,,
630,2261444404,125934389.5,416299096,295753058.7,0,0,,,,,,,,
631,2102567182,293780107.4,616490828.6,187161881.9,0,0,,,,,,,,
632,2365054829,0,231501192.7,412126652.7,0,6.40E+07,,,,,,,,
633,1863892217,1.28E+08,600343470.7,498028634.1,0,0,,,,,,,,
634,2218442314,192200381.4,228447964.3,432031191.5,41611605.37,0,,,,,,,,
635,2368284936,6.40E+07,332974307.6,221700874.4,0,24050889.18,,,,,,,,
636,2134587993,101942760.3,199473436.2,657354508,0,0,,,,,,,,
637,1873233612,228853272,596825675.5,374943260.3,0,0,,,,,,,,
638,1900923901,0,486792443,5.76E+08,0,70149542.49,,,,,,,,
639,2108182474,1.28E+08,642285379.1,271545531.9,0,49986614.75,,,,,,,,
640,1872726769,6.40E+07,594015514.7,466643178.3,0,41981083.5,,,,,,,,
641,2123159513,1.28E+08,573796365.3,329496308.8,0,0,,,,,,,,
642,2017872339,0,395303496.1,618564238.1,0,0,,,,,,,,
643,1886209733,310795912.8,272585395.5,545745249.2,0,64000000,,,,,,,,
644,2085805645,59780721.78,221962388.5,749819761.5,0,0,,,,,,,,
645,2004443713,124259844.2,662447581.2,401945710.9,0,0,,,,,,,,
646,1959192937,222810452.2,602770213.7,352185426.4,0,0,,,,,,,,
647,1671795489,251275121.8,695322900.8,5.12E+08,0,0,,,,,,,,
648,2045928426,194863016.8,455811541.2,400163641.7,0,0,,,,,,,,
649,1998863634,127736892.8,467708513.6,454614147.8,0,38163193.58,,,,,,,,
650,1734644897,14092217.21,519140593.8,691173694.4,0,54310472.56,,,,,,,,
651,2308700288,68501383.74,432213043.3,365935976.6,0,0,,,,,,,,
652,1951987297,162066579.4,360331874.1,576873930.5,0,61064358.17,,,,,,,,
653,2253207466,323049328.8,293440874.9,246136948.3,17238.80094,0,,,,,,,,
654,2263052491,8602984.263,314275783.2,562276817.1,0,0,,,,,,,,
655,2066155736,65712817.29,427729063.3,563427580.6,0,46035318.39,,,,,,,,
656,2482398667,55810978.19,398577720.8,239309006.3,0,0,,,,,,,,
657,2.24E+09,1.92E+08,451759130.5,269280641.3,0,0,,,,,,,,
658,2188623324,176050187.4,744761423.4,38106093.25,0,0,,,,,,,,
659,1985278026,233368214.1,592847462.9,193165256.6,0,0,,,,,,,,
660,2306236372,114408652.8,441549891.7,3.20E+08,0,0,,,,,,,,
661,2093092356,245560688.2,364932643.4,473428799.7,0,0,,,,,,,,
662,1968899195,121601078.8,407279827,541718672.5,0,24050889.18,,,,,,,,
663,2152111902,0,485047885.3,484850491.9,0,0,,,,,,,,
664,1696706232,181959371.9,834649753.7,342396078,0,0,,,,,,,,
665,2.18E+09,109761498.7,435931907.6,478306593.7,0,0,,,,,,,,
666,2391719808,1.92E+08,324290987.5,2.56E+08,0,0,,,,,,,,
667,2189486533,9211511.781,421511953.7,560703300.7,0,0,,,,,,,,
668,2141726907,97344323.02,610273092.9,340555762.5,0,0,,,,,,,,
669,1826397083,140426553.9,233643858.9,891909710.9,0,0,,,,,,,,
670,1699991210,270396690.6,630010256.3,546034150.4,0,0,,,,,,,,
671,2076049156,0,492665466.2,5.12E+08,0,100144.1032,,,,,,,,
672,1790989729,309560688.2,429672318.8,524525233.9,0,0,,,,,,,,
673,2162943325,6.40E+07,457307989.6,331168383.8,0,0,,,,,,,,
674,2279844959,76897113.01,391156150.8,303403461.8,0,124635869.2,,,,,,,,
675,2251020269,124259844.2,486723535.9,337996350.9,0,0,,,,,,,,
676,2088596189,158548921,343403811.1,531490159.7,0,0,,,,,,,,
677,2298795287,65369979.68,484894946.2,284404440,0,0,,,,,,,,
678,2309517004,123321779,574923440.7,1.28E+08,0,143645.473,,,,,,,,
679,1789160824,1.28E+08,636204162.3,395638881.9,0,6.40E+07,,,,,,,,
680,2012489024,0,425937698.6,635465946.2,0,0,,,,,,,,
681,2417759753,6.40E+07,355141569.1,308269368.1,0,0,,,,,,,,
682,1927511146,288010373.7,391149057.6,508898356.3,0,0,,,,,,,,
683,2313652226,1.28E+08,310347774,408721895.3,0,0,,,,,,,,
684,1981487444,139496199.9,446663886.7,532554399,0,3309970.798,,,,,,,,
685,1996670549,6.40E+07,605579659.3,447765095.9,0,0,,,,,,,,
686,2117043169,6622196.257,466170910.3,538084808.7,0,0,,,,,,,,
687,2432546348,85720998.39,341102001.6,204241329.1,0,0,,,,,,,,
688,2111008831,3.20E+08,245262631.4,460597554.3,0,0,,,,,,,,
689,1968015446,109972472.4,515975597,545874135,0,0,,,,,,,,
690,2247137512,0,531080641.1,421781846.5,0,0,,,,,,,,
691,2355168380,0,252153458.7,508774092.3,0,1757585.977,,,,,,,,
692,2162662313,0,368627323.8,527890210,0,0,,,,,,,,
693,1907420726,6.40E+07,466051817.1,761671801.6,0,0,,,,,,,,
694,1692580405,93233403.66,573813965.9,679791661,0,0,,,,,,,,
695,1974026038,183066905,519732971.8,454223231.4,0,0,,,,,,,,
696,1714496879,64087283.26,824357470.8,513362521.8,0,19707925.52,,,,,,,,
697,2154421674,0,320397032.4,409635889.7,0,63468932.52,,,,,,,,
698,1873843389,1.28E+08,456466974.3,573006756.8,0,6545989.891,,,,,,,,
699,1833168679,1.28E+08,706055350.8,513055471.4,0,0,,,,,,,,
700,2300943268,1.28E+08,420714869.5,291395167.1,0,0,,,,,,,,
701,1787967658,227920766.7,342077694.2,725372689.9,0,0,,,,,,,,
702,2055528897,66068378.71,360119467.4,702135761.1,0,0,,,,,,,,
703,2101246494,1.28E+08,133771519.2,600668968,0,66786911.34,,,,,,,,
704,2259343773,0,224940907.8,635760872.4,0,0,,,,,,,,
705,2018438942,1.28E+08,613581508.4,308418797.6,0,0,,,,,,,,
706,2153443200,0,311343232.7,501782703.6,0,22967952.34,,,,,,,,
707,2342097999,10594184.56,376488569.6,397572551.2,0,22819247.27,,,,,,,,
708,2052015047,1.92E+08,566339493.4,264064453.5,0,6.40E+07,,,,,,,,
709,2100538458,255169456.4,523461541.5,319997319.8,0,0,,,,,,,,
710,1855368963,128106381,489055179.9,5.76E+08,0,0,,,,,,,,
711,2234261192,2.56E+08,352434419.9,271634903.2,0,0,,,,,,,,
712,2386442179,6.40E+07,359600406.7,332677065.4,0,0,,,,,,,,
713,2088206136,23947928.19,690938728.4,341266469.4,0,0,,,,,,,,
714,2218267922,204428373.5,585303704.1,179054798.5,0,0,,,,,,,,
715,2376793193,111497083.3,332652348.6,318059254.6,0,0,,,,,,,,
716,2225347666,21900166.85,336287399.4,450639301.5,0,3309970.798,,,,,,,,
717,1600530336,186246986.4,1026005376,290418578.3,0,0,,,,,,,,
718,2397698397,64870952.89,221063617.6,401813204.6,0,0,,,,,,,,
719,2119958782,313390100.9,256252561.6,371997299.3,0,0,,,,,,,,
720,2149899704,243485099,318780557.3,445126819.7,0,0,,,,,,,,
721,1895762197,281888475.2,362216988.2,540682117,0,0,,,,,,,,
722,2276461017,36353.82311,283538983.4,504517075.2,0,0,,,,,,,,
723,2333458208,61064585.59,404321307.4,260055974.4,0,0,,,,,,,,
724,1999858695,57498112.58,432141305.1,590688433,0,0,,,,,,,,
725,2183531567,192082607.8,110571363.4,689190585.4,0,0,,,,,,,,
726,2376318560,6.40E+07,468257693.1,204331721.6,0,0,,,,,,,,
727,2033072398,0,507158709,458961412.6,0,0,,,,,,,,
728,2246926134,0,424080761.2,447949889.2,0,19707925.52,,,,,,,,
729,1965002166,1.92E+08,551733444.3,480060909.2,0,0,,,,,,,,
730,2078991076,191412016.9,328597687.9,398980572.6,0,0,,,,,,,,
731,2163137142,0,497502541.9,378404035.9,0,111988606,,,,,,,,
732,1974023609,313076888.2,283762397.6,464724805.6,3569843.492,22442158.53,,,,,,,,
733,2140465400,214858674.4,434438254.2,369460131.8,0,0,,,,,,,,
734,2421406034,6.40E+07,280913186.5,358692835.8,0,0,,,,,,,,
735,2048653013,0,465160212.7,558839787.3,0,0,,,,,,,,
736,2007628575,74602377.52,335799245.1,670963586.1,0,0,,,,,,,,
737,2145965978,1.92E+08,505020626.4,231195062.9,0,0,,,,,,,,
738,2288136763,133651458,304534456.7,448402076,0,0,,,,,,,,
739,2327621381,26186912.9,246976798.9,488404746.9,0,0,,,,,,,,
740,2174336474,134439282.3,381290243.1,462564026.1,0,0,,,,,,,,
741,2178850667,0,504098341.5,424941503.9,0,0,,,,,,,,
742,2043335121,64427795.41,702882476.2,205659887.9,0,0,,,,,,,,
743,2079385606,243186318.8,319041502.2,401492087.6,0,0,,,,,,,,
744,2286060203,136381842,561329839.6,27696782.24,0,731036.0917,,,,,,,,
745,2120711187,0,419949671.3,552148203.5,0,0,,,,,,,,
746,1951380839,99838325.11,393621243.9,723163150.4,0,0,,,,,,,,
747,2403782948,1.28E+08,242439922.8,3.20E+08,0,0,,,,,,,,
748,2002661524,210791403.2,502961051.7,415050322.6,0,0,,,,,,,,
749,1879217504,6.40E+07,688248427.5,4.48E+08,0,38887195.3,,,,,,,,
750,2264978183,77138404.98,544684405.9,307878151.2,0,0,,,,,,,,
751,2428008592,77766457.6,327828158.1,241661662.4,0,262631.7752,,,,,,,,
752,2179757839,85015819.72,553687541.5,231999789.5,0,0,,,,,,,,
753,2047414718,6.40E+07,421641424.8,459498051.1,0,6.40E+07,,,,,,,,
754,1930060975,309560688.2,512322112.2,423057393.6,0,0,,,,,,,,
755,2354881445,58848015.6,281077604.8,288798491.3,0,0,,,,,,,,
756,2409743455,1.28E+08,293654239.7,302536316.1,0,0,,,,,,,,
757,2391204996,91861455.75,330547663.5,296851909,0,0,,,,,,,,
758,2471899624,210929133,159819127.1,219345006.8,0,63427045.36,,,,,,,,
759,2257243064,1.92E+08,261603972.7,323951788.3,0,0,,,,,,,,
760,2.43E+09,0,192531067.5,444944995.1,0,63468932.52,,,,,,,,
761,2.30E+09,0,392880370.9,440034283.2,0,63085345.88,,,,,,,,
762,2.62E+09,79590140.31,130002109.3,366407750.4,0,0,,,,,,,,
763,2032104596,281985526.6,515913499.6,2.56E+08,0,0,,,,,,,,
764,1850624560,212566175.4,452463602.9,540723201.1,7115.046544,0,,,,,,,,
765,2116229989,125411863.1,216066814.7,627874400.4,0,0,,,,,,,,
766,2174059951,68418893.14,532572656.1,374377717.4,0,0,,,,,,,,
767,2275606707,29744568.29,320322524.8,389607971.3,0,0,,,,,,,,
768,1978601762,2718506.784,507636481.1,520980597,23075613.01,0,,,,,,,,
769,2547004329,1.28E+08,204995671.1,175059607.9,0,6.40E+07,,,,,,,,
770,2203477446,217479163.8,331338284.7,3.20E+08,0,6.40E+07,,,,,,,,
771,1988948220,6.40E+07,547426486.9,478617959.6,0,0,,,,,,,,
772,1556937001,305230754.2,504585802.5,824073642.9,0,0,,,,,,,,
773,1973427267,351094719.8,310376127.8,439248171.3,0,0,,,,,,,,
774,2156861137,0,575529446.6,346194143.7,0,0,,,,,,,,
775,2368217194,79267199.65,421966683.4,267782125.2,0,0,,,,,,,,
776,2237887971,192668121.2,373770938.6,327257031.2,0,0,,,,,,,,
777,1968928986,253598527.6,413625766,317311574.5,0,73005134.27,,,,,,,,
778,1634219894,173911089.4,923853288.5,314233529.3,14185201.1,0,,,,,,,,
779,2070523535,1.28E+08,556436786.3,376596119.5,0,10141644.48,,,,,,,,
780,2222666438,164374007,678238117.1,95636609.36,0,0,,,,,,,,
781,1909332461,1.92E+08,377020956.3,533480202.3,0,6.40E+07,,,,,,,,
782,2028188753,1.28E+08,484075980.2,437150040.7,0,0,,,,,,,,
783,1684094452,1.92E+08,801644933.7,451676218.6,0,0,,,,,,,,
784,2239952282,85929267.7,272106209.1,540323118.1,0,0,,,,,,,,
785,1987008767,230872775.7,494989179.9,427617654.8,0,0,,,,,,,,
786,2139432767,82925836.06,313223464.2,650335177.5,0,0,,,,,,,,
787,1999004206,0,470330696.7,577768269.2,0,6.40E+07,,,,,,,,
788,1867701599,197183383.6,328519566.1,717316633.4,0,0,,,,,,,,
789,2210344350,225873859.2,635781790.8,1.28E+08,0,0,,,,,,,,
790,2004132473,170157374.9,498978383.7,420022937,0,0,,,,,,,,
791,2398701483,12183001.16,343123505,247610517.9,0,0,,,,,,,,
792,1761331550,131346488.3,552074976.8,660329186.8,0,0,,,,,,,,
793,2106836389,189928224.5,216711029.2,561900858.2,0,0,,,,,,,,
794,2377916170,118795912.8,249374376,288931917.6,0,0,,,,,,,,
795,2087719534,101217671.2,488062944.2,429963806.3,0,525793.8129,,,,,,,,
796,2172800344,6.40E+07,398659172.8,381503224.9,0,121961381.7,,,,,,,,
797,2044737284,0,701011465.9,390286724,0,0,,,,,,,,
798,1941107664,185721676.2,343372578.2,648352313.3,0,0,,,,,,,,
799,2437442414,130504548.5,99012308.88,3.20E+08,0,0,,,,,,,,
800,1862897267,52560109.15,252674111.1,960330947,0,0,,,,,,,,
801,1979786364,6.40E+07,641250632.3,330715699.9,0,63189707.3,,,,,,,,
802,1840112263,0,475872373.2,641674102,0,112829555.7,,,,,,,,
803,2393259824,1.28E+08,149971992.2,5.12E+08,0,0,,,,,,,,
804,2255544256,191417467.9,207965059.7,455368276.2,0,6.40E+07,,,,,,,,
805,2423223908,6.40E+07,209032411.2,405541781.1,0,0,,,,,,,,
806,2066462563,6.40E+07,469894726.3,509293329.2,0,0,,,,,,,,
807,1946485347,86342341.4,594060729.4,479915400.9,0,0,,,,,,,,
808,2467383785,0,416374317.3,305910981.9,0,0,,,,,,,,
809,2164066441,72381842.02,399652679.1,511694427.2,0,0,,,,,,,,
810,1888346390,1.28E+08,563464541.7,539750809.6,0,0,,,,,,,,
811,2064609982,6.40E+07,448843717.3,544674703.6,0,6157581.973,,,,,,,,
812,2345051078,2.56E+08,262742946.1,253449879.4,0,0,,,,,,,,
813,2349933850,137322049.7,193905848.1,443205720,0,0,,,,,,,,
814,2154414960,183507071.7,361294544.5,414484980.9,0,19165589.99,,,,,,,,
815,1924219748,162441034.1,449437766.3,552362846.9,0,0,,,,,,,,
816,2390198132,59089447.61,350736808.5,384093120.9,0,0,,,,,,,,
817,2008310385,0,698169795.4,388462863,0,0,,,,,,,,
818,1909992022,181212498.4,495761096.3,584533866.9,0,9005134.273,,,,,,,,
819,2268138774,125270493.4,365393248.9,339384384.5,0,0,,,,,,,,
820,1913846048,318176317.3,335293015.7,596612950.9,0,0,,,,,,,,
821,2397648230,0,392934921.8,268719478.9,0,0,,,,,,,,
822,2401401719,261986304.9,230251459.1,256022879.5,0,0,,,,,,,,
823,2186001243,198434236.5,450998139.2,199467218.5,0,0,,,,,,,,
824,2107212718,185464936.5,519172418.2,3.84E+08,0,0,,,,,,,,
825,1887923779,98593173.34,667620135.3,403036660,0,53708561.4,,,,,,,,
826,2120256061,173141150.2,324837387.5,543744217.2,0,0,,,,,,,,
827,2007090816,143209559,418031812.4,507527811.8,0,0,,,,,,,,
828,2384829900,95888841.1,454295312.6,158784907.7,0,0,,,,,,,,
829,2203448103,6.40E+07,252236191.1,513449600.1,0,0,,,,,,,,
830,2553970722,1.92E+08,82471182.13,371558096.3,0,0,,,,,,,,
831,2427404751,0,336834107.3,3.84E+08,0,37775558.12,,,,,,,,
832,1607488828,163922186.9,659312272.9,735646901.3,0,0,,,,,,,,
833,2156803000,83196999.7,281168511,614831489,30838137.65,0,,,,,,,,
834,1772270461,1.92E+08,610066304.8,455514247.8,0,0,,,,,,,,
835,2068717867,169734900.8,443179181.9,420349451.9,0,16254398.2,,,,,,,,
836,2248464718,193932972.9,411016377,324087649,0,0,,,,,,,,
837,2100773299,1.28E+08,324119394.8,594629346.5,0,0,,,,,,,,
838,2068860990,251716705.6,409910721.7,433109443.2,4283294.375,0,,,,,,,,
839,2306767771,151405112.3,299667400.8,276559880.7,0,100144.1032,,,,,,,,
840,2197778671,61411863.12,519750167.7,191076730.3,0,3309970.798,,,,,,,,
841,1720496276,130716349,519615862.4,755531510,0,0,,,,,,,,
842,2046785217,75351664.79,686746441.4,279981609.5,0,0,,,,,,,,
843,2267832789,1.28E+08,314640148,411828537.9,0,0,,,,,,,,
844,2359600417,143859376.1,362885965.2,333654241.7,0,0,,,,,,,,
845,2077511503,120969212.3,342283067.9,555429263.1,0,0,,,,,,,,
846,2000037520,144067291.6,627907439.4,296595874,0,0,,,,,,,,
847,1626362464,164420273,639331951.4,652287105.4,0,38415314.23,,,,,,,,
848,1795417212,182658401.6,348532215.6,748989918.7,0,0,,,,,,,,
849,2038912816,80739968.71,440347215.6,6.40E+08,0,0,,,,,,,,
850,1975230185,6.40E+07,255064879.7,743308219.1,0,0,,,,,,,,
851,2151945051,142092217.2,620174125.1,220052432.8,0,15697468.3,,,,,,,,
852,2212011218,0,455459266.4,491384048,0,0,,,,,,,,
853,2034373302,158693159.2,715436782,145146431.2,0,80030020,,,,,,,,
854,2378621749,142752166.7,307257223.2,241133858.9,0,0,,,,,,,,
855,1920422570,127169456.4,657348453.6,371908963.7,0,38327980.15,,,,,,,,
856,2069018190,1.28E+08,434275988.5,441504817.7,0,0,,,,,,,,
857,2324404899,6.40E+07,350667139.6,352473666.3,0,0,,,,,,,,
858,2064675027,241961977.8,503083376.2,389457566.2,0,0,,,,,,,,
859,1896420831,194076101.5,510822862,442108458.5,0,0,,,,,,,,
860,1980090204,82591816.81,4.48E+08,620899838.8,0,0,,,,,,,,
861,2267340179,106769804.3,377859858.4,387139666.2,0,0,,,,,,,,
862,2156412499,125928224.5,290209556.9,3.20E+08,0,6.40E+07,,,,,,,,
863,2248950759,67042626.53,398368506.7,3.20E+08,0,0,,,,,,,,
864,2180102271,70586262.26,396587754.2,417081157.5,0,0,,,,,,,,
865,2315767893,64103989.5,281322654.6,345419575.6,12478240.99,0,,,,,,,,
866,2009877182,192931350.7,326328842.7,459818394.1,0,65365341.99,,,,,,,,
867,1922847674,265351236.7,422873980.7,469123823.7,14185201.1,14770423.18,,,,,,,,
868,2189575829,74265123.33,342850300.4,510145523.5,0,0,,,,,,,,
869,2062870342,0,552609662.9,516073043.8,0,0,,,,,,,,
870,2093602161,276007188.9,376309823.9,381793971.9,0,0,,,,,,,,
871,1969843898,2.56E+08,261027242.8,587164457.2,0,22189247.33,,,,,,,,
872,1875123659,192039619.5,287706535.5,831960380.5,0,0,,,,,,,,
873,1910255701,118386572.3,385570340.7,678493135.8,8667016.216,35142881.83,,,,,,,,
874,1782768716,256112988.3,288675883.3,578358622.6,0,0,,,,,,,,
875,1650160944,6.40E+07,577923237.3,712416324,0,0,,,,,,,,
876,2066093524,132703204.3,432996200.2,359321929.9,0,0,,,,,,,,
877,1798734222,6.40E+07,636126806.6,578180673.2,0,0,,,,,,,,
878,2030924229,176629391.8,437724697.9,437486757.5,0,0,,,,,,,,
879,2249903639,6.40E+07,698533816.8,141762566.7,0,0,,,,,,,,
880,2053372512,64039619.53,345909570.7,613622410.2,0,62954086.24,,,,,,,,
881,1882543807,106381860.1,526128303.4,603575185.8,0,6111.767149,,,,,,,,
882,2270097137,0,679503977.7,239195404.1,0,0,,,,,,,,
883,2307249317,18482195.68,412100582.1,453904495.4,0,0,,,,,,,,
884,1984327554,126584093.1,415823714,537875619.4,0,6.40E+07,,,,,,,,
885,2068843041,6.40E+07,449975589.3,591660528.9,0,0,,,,,,,,
886,2469873955,23401275.72,296815742.6,289926178.3,0,0,,,,,,,,
887,2049057673,1.28E+08,379479062.6,551533367,0,0,,,,,,,,
888,2019229443,55817016.5,593474056.1,406430902.1,0,0,,,,,,,,
889,1879857704,0,603525137.3,658608989.4,0,0,,,,,,,,
890,2358283060,202709738.5,260484032.2,305827867.7,0,0,,,,,,,,
891,2002273844,313643039,338565625.1,481401703.3,0,0,,,,,,,,
892,2229357635,1.28E+08,345275146.2,424333405.1,0,0,,,,,,,,
893,2275221628,102169204.7,358300514.8,356255993.1,0,0,,,,,,,,
894,2478881735,59848407.32,289482176.9,305377907.7,0,0,,,,,,,,
895,2084091025,73327645.34,377784750,507100167.4,0,67300665.55,,,,,,,,
896,2339041860,135932573.5,359308390.5,172818871.3,0,0,,,,,,,,
897,2706003716,116118093.5,345383238.3,2719811.632,0,0,,,,,,,,
898,1870919991,159572255.1,582766022.7,423795955.4,0,63607756.01,,,,,,,,
899,2263186995,174222317.3,300364228.5,269610309.7,0,18403236.45,,,,,,,,
900,2214826920,327932573.5,222495301.5,261588194.8,0,0,,,,,,,,
901,1836242874,213821946.9,505922357.6,5.76E+08,0,0,,,,,,,,
902,1952427135,135354980.5,648463711.2,379059127.6,0,0,,,,,,,,
903,2023039936,190829352.3,403311578.3,441468501,0,77010712.34,,,,,,,,
904,1714410162,105046829.3,514301917.3,735320455.1,0,0,,,,,,,,
905,1767532186,187089447.6,497844983.9,583424406.6,0,0,,,,,,,,
906,2105317736,83177267.92,532389486.3,479115509.3,0,0,,,,,,,,
907,1711931832,112548964.7,438550746.2,830240142.1,0,0,,,,,,,,
908,2088340889,1.28E+08,402607188.2,518073342.5,0,0,,,,,,,,
909,2153182373,123551552.9,504599628.8,375397015.7,0,0,,,,,,,,
910,2314358976,0,319675736.4,534604845.2,0,0,,,,,,,,
911,2441973599,6.40E+07,316176899.8,310918894,0,0,,,,,,,,
912,2069361981,74680355.2,430500925.8,550789105.9,0,0,,,,,,,,
913,2271305485,34468147.3,415932770,3.20E+08,0,36780655.53,,,,,,,,
914,2365790612,980425.6558,342963037.9,283148093.5,0,0,,,,,,,,
915,2221734407,216668127.1,247318345.2,489523293.6,0,0,,,,,,,,
916,1889119381,0,430598697.9,693998620.9,0,0,,,,,,,,
917,2050341187,6.40E+07,510075430.9,575583382.4,0,0,,,,,,,,
918,2131518993,255954627.6,352345036.1,304031191.5,0,62954086.24,,,,,,,,
919,2072378548,83407304.6,215217595.5,630957583.2,0,43965089.67,,,,,,,,
920,1626778318,43130870.32,547459513.4,626405769.2,0,102163193.6,,,,,,,,
921,2436921509,318503933.5,170594722.3,269966044.4,0,0,,,,,,,,
922,2069007396,367402761.8,464769731,298820111.2,0,0,,,,,,,,
923,1952351148,95092999.34,492605506.1,404787911.5,0,0,,,,,,,,
924,2055343799,94934992.34,303999580.9,555091290,0,0,,,,,,,,
925,1976309319,123251303.3,167150872.8,812848069.1,0,0,,,,,,,,
926,2165635980,64039619.53,299920885.9,615195369.1,0,16192337.04,,,,,,,,
927,2119750381,83506991.94,630795081.8,324050257.4,0,0,,,,,,,,
928,2367469073,43757260.87,369131420.7,317255724.8,0,0,,,,,,,,
929,2024230546,1.92E+08,413790489.7,440817406.4,0,0,,,,,,,,
930,1939247844,63998579.81,290611613.6,771411477.1,0,0,,,,,,,,
931,1832223788,192632926.4,786688672,264287625.1,0,0,,,,,,,,
932,2314638105,64082607.82,404323008,349022544.1,0,0,,,,,,,,
933,2012889484,204056311.7,274985551.2,517135197.3,0,0,,,,,,,,
934,2335152068,155398673.2,201831121.3,468644793.1,0,0,,,,,,,,
935,2163985119,1.28E+08,587717203.3,320297677.7,0,0,,,,,,,,
936,2037006817,6.40E+07,420494632.9,556384180.3,0,0,,,,,,,,
937,1868478684,73351247.02,871168221,260340607.8,0,0,,,,,,,,
938,2054565184,162923257.1,463198449.7,424993118.4,0,0,,,,,,,,
939,2206308722,63108695.42,378453447.1,378838497.4,0,0,,,,,,,,
940,1809965730,71250418.54,553793112.8,557167288.2,0,128527070,,,,,,,,
941,1932155120,275425469,446885538.3,501741367.2,0,0,,,,,,,,
942,1839308190,26913618.84,528047317.3,725057682.9,0,0,,,,,,,,
943,1974473462,6.40E+07,422240630.1,550984585.7,0,19707925.52,,,,,,,,
944,2574840480,6.40E+07,235055431.5,257454537.1,0,6.40E+07,,,,,,,,
945,1885246631,171832380,489136854.4,585701564.1,30838137.65,0,,,,,,,,
946,2185563618,6.40E+07,343275874.3,483310677.9,0,0,,,,,,,,
947,2018348517,179037.1091,730721277.1,261409157.7,0,0,,,,,,,,
948,2155538095,74270984.15,299569610.1,5.76E+08,0,0,,,,,,,,
949,2324109078,75062668.24,458604728.8,2.56E+08,0,35142881.83,,,,,,,,
950,2042984603,1.92E+08,368261528.3,505682155,0,56878403.49,,,,,,,,
951,2040512870,1.92E+08,407000654,524282148.8,0,0,,,,,,,,
952,2004144568,77388851.6,654480592.4,372096781.5,0,0,,,,,,,,
953,2168899948,111448025.3,471652026.7,3.84E+08,0,6.40E+07,,,,,,,,
954,2354484702,126675688.8,327908572.8,290283947,0,6111.767149,,,,,,,,
955,2231710529,123695369.3,439792761.9,191173150.6,0,0,,,,,,,,
956,2422282436,6.40E+07,191649566.5,387128145.4,0,10141644.48,,,,,,,,
957,2201024502,141442888.6,320717362.1,507265911.6,0,0,,,,,,,,
958,1674200105,178251921.6,627487653,693131138.9,0,13550269.19,,,,,,,,
959,2104557357,27398673.18,492969381.4,413022544.1,0,63085345.88,,,,,,,,
960,2092937177,153647658.9,354396871.1,489761563.1,0,0,,,,,,,,
961,2275791451,6.40E+07,348208549.2,5.12E+08,0,0,,,,,,,,
962,1854803033,105022451.2,702017579.3,289352248.5,0,0,,,,,,,,
963,2073704366,84693307.12,389140953.7,545084354.6,0,0,,,,,,,,
964,2239085662,41274155.46,442473688.8,383366793.1,0,0,,,,,,,,
965,1897670309,129550341.3,432488948.1,591372218.9,0,0,,,,,,,,
966,1836781214,1.92E+08,409446865.6,653611885.1,0,0,,,,,,,,
967,1749010015,163744261.6,803445348,4.48E+08,0,9005134.273,,,,,,,,
968,2153758542,84388918.18,344070561,382086228.9,0,6.40E+07,,,,,,,,
969,2092325020,189498570.1,351964408,366056689.1,0,0,,,,,,,,
970,2015987922,241953023.6,252851794.9,688164753.4,0,0,,,,,,,,
971,2506159733,67292825.64,176748153,372712524.5,0,0,,,,,,,,
972,2046347014,130620821.8,509479854.7,468602431.3,0,0,,,,,,,,
973,2058130482,1.92E+08,279205314.1,487573800.4,0,0,,,,,,,,
974,2144249617,6.40E+07,276151305.4,591724186.2,0,0,,,,,,,,
975,2127359695,37492731.37,433430334.9,601717239.2,0,0,,,,,,,,
976,2227778332,1.28E+08,454764101.5,381194156.1,0,0,,,,,,,,
977,2236443919,111817954,486610861,256001387.8,0,0,,,,,,,,
978,2252700783,0,265929204.7,499057478.7,0,36780655.53,,,,,,,,
979,2076166744,6.40E+07,484505796.1,526543049,0,0,,,,,,,,
980,1921580482,71494119.96,562418086.6,537861108.5,0,14619603.97,,,,,,,,
981,2234611911,87405112.28,189043712.4,605199214.3,0,0,,,,,,,,
982,2078092193,1.28E+08,365489009.7,499749458,8719068.685,63427045.36,,,,,,,,
983,2002973057,127630834,308742620.7,599795614.2,0,0,,,,,,,,
984,2520125474,62675688.84,231874525.7,385324311.2,0,0,,,,,,,,
985,2190599254,270907072.5,413401973.3,241983739.4,0,0,,,,,,,,
986,2094763637,6.40E+07,551796514.4,368031191.5,0,0,,,,,,,,
987,2107089778,199285713.4,338093516.3,379236157,0,0,,,,,,,,
988,2001189578,241556867.3,500408929.6,424455977.7,0,0,,,,,,,,
989,2245737751,137204616.6,423924545.4,349764493.2,0,0,,,,,,,,
990,2025392554,153869442.4,549529409.1,348437904.6,0,0,,,,,,Got,31088,
991,2442325477,127265467.5,307940893.8,255107097.2,0,0,,,,,,Aim,"29,388",
992,2300859379,73327645.34,271793962.8,498500359.9,0,0,,,,,,Difference,"1,700",
993,2549660685,56660889.21,266878535.4,301617532.3,0,0,,,,,,,,
994,2209078850,197567152.9,302583072.8,355011804.1,0,6.40E+07,,,,,,,,
995,2388398814,127269157.7,220307220.1,331754398.7,0,0,,,,,,,,
996,1933842829,6.40E+07,676375682.2,525619336.7,0,0,,,,,,,,
997,2247963029,120508447.5,338245124.9,427364103,0,0,,,,,,,,
998,2341698036,6.40E+07,437326481.5,345830511.4,0,0,,,,,,,,
999,2308862324,0,351145777.8,411908740.5,0,0,,,,,,,,19901
1000,2003053111,51186318.76,536680888.1,247770141.5,23075613.01,0,,,,,,,,1149
Average,2105767683,121793852.8,429526315.2,439027508.9,804921.2657,11978008.97,,3108898290,,,,,,4057
Average in KM2,2105.767683,121.7938528,429.5263152,439.0275089,0.804921266,11.97800897,,3108.89829,,,,,,4153
% of total ,67.73356625,3.917588851,13.81602983,14.12164272,0.025890885,0.385281468,,,,,,,,8.04
what need to remove from total ,1156,68,238,238,0,0,,,,,,,,120
,,,,,,,,,,,,,,29388.04
,,,,,,,,,,,,,,
,,,,,,,,,,,,,,
,,,,,,,,,,,,,,
,21057,1217,4295,4390,8.04,119.78,,,,,,,,
,19901,1149,4057,4152,8.04,119.78,,29386.82,,,,,,